MODEL SETTING,,,,
SlowTwitchFibersPercentage, DaysBetweenWorkout, HourseOfSleep, Intensity, Lift
50,5,8,95, false
,,,,
Tic, MuscleMass, Anabolic, Catabolic,
0,15.782046,50,52,
1,15.772201,50,52,
2,15.762355,50,52,
3,15.75251,50,52,
4,15.742665,50,52,
5,15.73282,50,52,
6,15.722974,50,52,
7,15.713129,50,52,
8,15.703284,50,52,
9,15.693439,50,52,
10,15.683593,50,52,
11,15.673748,50,52,
12,15.663903,50,52,
13,15.654057,50,52,
14,15.644212,50,52,
15,15.634367,50,52,
16,15.624522,50,52,
17,15.614676,50,52,
18,15.604831,50,52,
19,15.594986,50,52,
20,15.585141,50,52,
21,15.575295,50,52,
22,15.56545,50,52,
23,15.555605,50,52,
24,15.545759,50,52,
25,15.535914,50,52,
26,15.526069,50,52,
27,15.516224,50,52,
28,15.506378,50,52,
29,15.496533,50,52,
30,15.486688,50,52,
31,15.476843,50,52,
32,15.466997,50,52,
33,15.457152,50,52,
34,15.447307,50,52,
35,15.437462,50,52,
36,15.427616,50,52,
37,15.417771,50,52,
38,15.407926,50,52,
39,15.39808,50,52,
40,15.388235,50,52,
41,15.37839,50,52,
42,15.368545,50,52,
43,15.358699,50,52,
44,15.348854,50,52,
45,15.339009,50,52,
46,15.329164,50,52,
47,15.319318,50,52,
48,15.309473,50,52,
49,15.299628,50,52,
50,15.289782,50,52,
51,15.279937,50,52,
52,15.270092,50,52,
53,15.260247,50,52,
54,15.250401,50,52,
55,15.240556,50,52,
56,15.230711,50,52,
57,15.220866,50,52,
58,15.21102,50,52,
59,15.201175,50,52,
60,15.19133,50,52,
61,15.181484,50,52,
62,15.171639,50,52,
63,15.161794,50,52,
64,15.151949,50,52,
65,15.142103,50,52,
66,15.132258,50,52,
67,15.122413,50,52,
68,15.112568,50,52,
69,15.102722,50,52,
70,15.092877,50,52,
71,15.083032,50,52,
72,15.073187,50,52,
73,15.063341,50,52,
74,15.053496,50,52,
75,15.043651,50,52,
76,15.033805,50,52,
77,15.02396,50,52,
78,15.014115,50,52,
79,15.00427,50,52,
80,14.994424,50,52,
81,14.984579,50,52,
82,14.974734,50,52,
83,14.964889,50,52,
84,14.955043,50,52,
85,14.945198,50,52,
86,14.935353,50,52,
87,14.925507,50,52,
88,14.915662,50,52,
89,14.905817,50,52,
90,14.895972,50,52,
91,14.886126,50,52,
92,14.876281,50,52,
93,14.866436,50,52,
94,14.856591,50,52,
95,14.846745,50,52,
96,14.8369,50,52,
97,14.827055,50,52,
98,14.817209,50,52,
99,14.807364,50,52,
100,14.797519,50,52,
101,14.787674,50,52,
102,14.777828,50,52,
103,14.767983,50,52,
104,14.758138,50,52,
105,14.748293,50,52,
106,14.738447,50,52,
107,14.728602,50,52,
108,14.718757,50,52,
109,14.708912,50,52,
110,14.699066,50,52,
111,14.689221,50,52,
112,14.679376,50,52,
113,14.66953,50,52,
114,14.659685,50,52,
115,14.64984,50,52,
116,14.639995,50,52,
117,14.630149,50,52,
118,14.620304,50,52,
119,14.610459,50,52,
120,14.600614,50,52,
121,14.590768,50,52,
122,14.580923,50,52,
123,14.571078,50,52,
124,14.561232,50,52,
125,14.551387,50,52,
126,14.541542,50,52,
127,14.531697,50,52,
128,14.521851,50,52,
129,14.512006,50,52,
130,14.502161,50,52,
131,14.492316,50,52,
132,14.48247,50,52,
133,14.472625,50,52,
134,14.46278,50,52,
135,14.452935,50,52,
136,14.443089,50,52,
137,14.433244,50,52,
138,14.423399,50,52,
139,14.413553,50,52,
140,14.403708,50,52,
141,14.393863,50,52,
142,14.384018,50,52,
143,14.374172,50,52,
144,14.364327,50,52,
145,14.354482,50,52,
146,14.344637,50,52,
147,14.334791,50,52,
148,14.324946,50,52,
149,14.315101,50,52,
150,14.305255,50,52,
151,14.29541,50,52,
152,14.285565,50,52,
153,14.27572,50,52,
154,14.265874,50,52,
155,14.256029,50,52,
156,14.246184,50,52,
157,14.236339,50,52,
158,14.226493,50,52,
159,14.216648,50,52,
160,14.206803,50,52,
161,14.196957,50,52,
162,14.187112,50,52,
163,14.177267,50,52,
164,14.167422,50,52,
165,14.157576,50,52,
166,14.147731,50,52,
167,14.137886,50,52,
168,14.128041,50,52,
169,14.118195,50,52,
170,14.10835,50,52,
171,14.098505,50,52,
172,14.08866,50,52,
173,14.078814,50,52,
174,14.068969,50,52,
175,14.059124,50,52,
176,14.049278,50,52,
177,14.039433,50,52,
178,14.029588,50,52,
179,14.019743,50,52,
180,14.009897,50,52,
181,14.000052,50,52,
182,13.990207,50,52,
183,13.980362,50,52,
184,13.970516,50,52,
185,13.960671,50,52,
186,13.950826,50,52,
187,13.94098,50,52,
188,13.931135,50,52,
189,13.92129,50,52,
190,13.911445,50,52,
191,13.901599,50,52,
192,13.891754,50,52,
193,13.881909,50,52,
194,13.872064,50,52,
195,13.862218,50,52,
196,13.852373,50,52,
197,13.842528,50,52,
198,13.832682,50,52,
199,13.822837,50,52,
200,13.812992,50,52,
201,13.803147,50,52,
202,13.793301,50,52,
203,13.783456,50,52,
204,13.773611,50,52,
205,13.763766,50,52,
206,13.75392,50,52,
207,13.744075,50,52,
208,13.73423,50,52,
209,13.724385,50,52,
210,13.714539,50,52,
211,13.704694,50,52,
212,13.694849,50,52,
213,13.685003,50,52,
214,13.675158,50,52,
215,13.665313,50,52,
216,13.655468,50,52,
217,13.645622,50,52,
218,13.635777,50,52,
219,13.625932,50,52,
220,13.616087,50,52,
221,13.606241,50,52,
222,13.596396,50,52,
223,13.586551,50,52,
224,13.576705,50,52,
225,13.56686,50,52,
226,13.557015,50,52,
227,13.54717,50,52,
228,13.537324,50,52,
229,13.527479,50,52,
230,13.517634,50,52,
231,13.507789,50,52,
232,13.497943,50,52,
233,13.488098,50,52,
234,13.478253,50,52,
235,13.468407,50,52,
236,13.458562,50,52,
237,13.448717,50,52,
238,13.438872,50,52,
239,13.429026,50,52,
240,13.419181,50,52,
241,13.409336,50,52,
242,13.399491,50,52,
243,13.389645,50,52,
244,13.3798,50,52,
245,13.369955,50,52,
246,13.36011,50,52,
247,13.350264,50,52,
248,13.340419,50,52,
249,13.330574,50,52,
250,13.320728,50,52,
251,13.310883,50,52,
252,13.301038,50,52,
253,13.291193,50,52,
254,13.281347,50,52,
255,13.271502,50,52,
256,13.261657,50,52,
257,13.251812,50,52,
258,13.241966,50,52,
259,13.232121,50,52,
260,13.222276,50,52,
261,13.21243,50,52,
262,13.202585,50,52,
263,13.19274,50,52,
264,13.182895,50,52,
265,13.173049,50,52,
266,13.163204,50,52,
267,13.153359,50,52,
268,13.143514,50,52,
269,13.133668,50,52,
270,13.123823,50,52,
271,13.113978,50,52,
272,13.104132,50,52,
273,13.094287,50,52,
274,13.084442,50,52,
275,13.074597,50,52,
276,13.064751,50,52,
277,13.054906,50,52,
278,13.045061,50,52,
279,13.035216,50,52,
280,13.02537,50,52,
281,13.015525,50,52,
282,13.00568,50,52,
283,12.995835,50,52,
284,12.985989,50,52,
285,12.976144,50,52,
286,12.966299,50,52,
287,12.956453,50,52,
288,12.946608,50,52,
289,12.936763,50,52,
290,12.926918,50,52,
291,12.917072,50,52,
292,12.907227,50,52,
293,12.897382,50,52,
294,12.887537,50,52,
295,12.877691,50,52,
296,12.867846,50,52,
297,12.858001,50,52,
298,12.848155,50,52,
299,12.83831,50,52,
300,12.828465,50,52,
301,12.81862,50,52,
302,12.808774,50,52,
303,12.798929,50,52,
304,12.789084,50,52,
305,12.779239,50,52,
306,12.769393,50,52,
307,12.759548,50,52,
308,12.749703,50,52,
309,12.739858,50,52,
310,12.730012,50,52,
311,12.720167,50,52,
312,12.710322,50,52,
313,12.700476,50,52,
314,12.690631,50,52,
315,12.680786,50,52,
316,12.670941,50,52,
317,12.661095,50,52,
318,12.65125,50,52,
319,12.641405,50,52,
320,12.63156,50,52,
321,12.621714,50,52,
322,12.611869,50,52,
323,12.602024,50,52,
324,12.592213,50,52,
325,12.582402,50,52,
326,12.572591,50,52,
327,12.56278,50,52,
328,12.552968,50,52,
329,12.543157,50,52,
330,12.533346,50,52,
331,12.523535,50,52,
332,12.513724,50,52,
333,12.503912,50,52,
334,12.494101,50,52,
335,12.48429,50,52,
336,12.474479,50,52,
337,12.464668,50,52,
338,12.454856,50,52,
339,12.445045,50,52,
340,12.435234,50,52,
341,12.425423,50,52,
342,12.415622,50,52,
343,12.405845,50,52,
344,12.396068,50,52,
345,12.386291,50,52,
346,12.376514,50,52,
347,12.366737,50,52,
348,12.35696,50,52,
349,12.347182,50,52,
350,12.337405,50,52,
351,12.327628,50,52,
352,12.317851,50,52,
353,12.308074,50,52,
354,12.298297,50,52,
355,12.28852,50,52,
356,12.278742,50,52,
357,12.268965,50,52,
358,12.259188,50,52,
359,12.249411,50,52,
360,12.239634,50,52,
361,12.229857,50,52,
362,12.22008,50,52,
363,12.210302,50,52,
364,12.200525,50,52,
365,12.190748,50,52,
366,12.180971,50,52,
367,12.171194,50,52,
368,12.161417,50,52,
369,12.15164,50,52,
370,12.141862,50,52,
371,12.132085,50,52,
372,12.122308,50,52,
373,12.112531,50,52,
374,12.102776,50,52,
375,12.093033,50,52,
376,12.08329,50,52,
377,12.073546,50,52,
378,12.063803,50,52,
379,12.05406,50,52,
380,12.044317,50,52,
381,12.034574,50,52,
382,12.024831,50,52,
383,12.015088,50,52,
384,12.005345,50,52,
385,11.995602,50,52,
386,11.985859,50,52,
387,11.976116,50,52,
388,11.966373,50,52,
389,11.95663,50,52,
390,11.946887,50,52,
391,11.937144,50,52,
392,11.9274,50,52,
393,11.917657,50,52,
394,11.907914,50,52,
395,11.898171,50,52,
396,11.888428,50,52,
397,11.878685,50,52,
398,11.868942,50,52,
399,11.859199,50,52,
400,11.849456,50,52,
401,11.839713,50,52,
402,11.82997,50,52,
403,11.820227,50,52,
404,11.810484,50,52,
405,11.800741,50,52,
406,11.790997,50,52,
407,11.781254,50,52,
408,11.771511,50,52,
409,11.761768,50,52,
410,11.752025,50,52,
411,11.742282,50,52,
412,11.732539,50,52,
413,11.722796,50,52,
414,11.713053,50,52,
415,11.70331,50,52,
416,11.693567,50,52,
417,11.683824,50,52,
418,11.674081,50,52,
419,11.664338,50,52,
420,11.654594,50,52,
421,11.644851,50,52,
422,11.635108,50,52,
423,11.625365,50,52,
424,11.615622,50,52,
425,11.605879,50,52,
426,11.596136,50,52,
427,11.586393,50,52,
428,11.57665,50,52,
429,11.566907,50,52,
430,11.557164,50,52,
431,11.547421,50,52,
432,11.537678,50,52,
433,11.527935,50,52,
434,11.518199,50,52,
435,11.50849,50,52,
436,11.498781,50,52,
437,11.489072,50,52,
438,11.479363,50,52,
439,11.469654,50,52,
440,11.459945,50,52,
441,11.450236,50,52,
442,11.440527,50,52,
443,11.430818,50,52,
444,11.421109,50,52,
445,11.4114,50,52,
446,11.401691,50,52,
447,11.391982,50,52,
448,11.382273,50,52,
449,11.372564,50,52,
450,11.362889,50,52,
451,11.353214,50,52,
452,11.343539,50,52,
453,11.333864,50,52,
454,11.324189,50,52,
455,11.314514,50,52,
456,11.30484,50,52,
457,11.295165,50,52,
458,11.28549,50,52,
459,11.275822,50,52,
460,11.266181,50,52,
461,11.25654,50,52,
462,11.2469,50,52,
463,11.237262,50,52,
464,11.227655,50,52,
465,11.218048,50,52,
466,11.208442,50,52,
467,11.198835,50,52,
468,11.189228,50,52,
469,11.179621,50,52,
470,11.170014,50,52,
471,11.160408,50,52,
472,11.150835,50,52,
473,11.141296,50,52,
474,11.131758,50,52,
475,11.122219,50,52,
476,11.112697,50,52,
477,11.103192,50,52,
478,11.093688,50,52,
479,11.084183,50,52,
480,11.074679,50,52,
481,11.065174,50,52,
482,11.055669,50,52,
483,11.046165,50,52,
484,11.03666,50,52,
485,11.027156,50,52,
486,11.017682,50,52,
487,11.008211,50,52,
488,10.998741,50,52,
489,10.98927,50,52,
490,10.9798,50,52,
491,10.970329,50,52,
492,10.960859,50,52,
493,10.951388,50,52,
494,10.941917,50,52,
495,10.932459,50,52,
496,10.923023,50,52,
497,10.913586,50,52,
498,10.90415,50,52,
499,10.894713,50,52,
500,10.885277,50,52,
501,10.87584,50,52,
502,10.866404,50,52,
503,10.856967,50,52,
504,10.847531,50,52,
505,10.838094,50,52,
506,10.828658,50,52,
507,10.819222,50,52,
508,10.809785,50,52,
509,10.800349,50,52,
510,10.790912,50,52,
511,10.781476,50,52,
512,10.772039,50,52,
513,10.762603,50,52,
514,10.753166,50,52,
515,10.74373,50,52,
516,10.734293,50,52,
517,10.724857,50,52,
518,10.71542,50,52,
519,10.705984,50,52,
520,10.696556,50,52,
521,10.687153,50,52,
522,10.677751,50,52,
523,10.668348,50,52,
524,10.658946,50,52,
525,10.649544,50,52,
526,10.640141,50,52,
527,10.630739,50,52,
528,10.621336,50,52,
529,10.611934,50,52,
530,10.602532,50,52,
531,10.593129,50,52,
532,10.583727,50,52,
533,10.574324,50,52,
534,10.564922,50,52,
535,10.55552,50,52,
536,10.546127,50,52,
537,10.536759,50,52,
538,10.527423,50,52,
539,10.518099,50,52,
540,10.508799,50,52,
541,10.499498,50,52,
542,10.490198,50,52,
543,10.480898,50,52,
544,10.471598,50,52,
545,10.462298,50,52,
546,10.45302,50,52,
547,10.443754,50,52,
548,10.434488,50,52,
549,10.425222,50,52,
550,10.415955,50,52,
551,10.406689,50,52,
552,10.397423,50,52,
553,10.388157,50,52,
554,10.378891,50,52,
555,10.369629,50,52,
556,10.360397,50,52,
557,10.351165,50,52,
558,10.341966,50,52,
559,10.332768,50,52,
560,10.32357,50,52,
561,10.314372,50,52,
562,10.305174,50,52,
563,10.295976,50,52,
564,10.286778,50,52,
565,10.27758,50,52,
566,10.268381,50,52,
567,10.259183,50,52,
568,10.249985,50,52,
569,10.240787,50,52,
570,10.231589,50,52,
571,10.222391,50,52,
572,10.213193,50,52,
573,10.20401,50,52,
574,10.194846,50,52,
575,10.185682,50,52,
576,10.176519,50,52,
577,10.167355,50,52,
578,10.158191,50,52,
579,10.149027,50,52,
580,10.139863,50,52,
581,10.130699,50,52,
582,10.121535,50,52,
583,10.112371,50,52,
584,10.10321,50,52,
585,10.09408,50,52,
586,10.08495,50,52,
587,10.07582,50,52,
588,10.06669,50,52,
589,10.05756,50,52,
590,10.048431,50,52,
591,10.039301,50,52,
592,10.030171,50,52,
593,10.021041,50,52,
594,10.011911,50,52,
595,10.002781,50,52,
596,9.993651,50,52,
597,9.984521,50,52,
598,9.975405,50,52,
599,9.96631,50,52,
600,9.957214,50,52,
601,9.948118,50,52,
602,9.939022,50,52,
603,9.929926,50,52,
604,9.920864,50,52,
605,9.911818,50,52,
606,9.90279,50,52,
607,9.893762,50,52,
608,9.884735,50,52,
609,9.875777,50,52,
610,9.866851,50,52,
611,9.857926,50,52,
612,9.849,50,52,
613,9.840075,50,52,
614,9.831149,50,52,
615,9.822235,50,52,
616,9.813343,50,52,
617,9.804452,50,52,
618,9.795561,50,52,
619,9.786669,50,52,
620,9.777778,50,52,
621,9.768886,50,52,
622,9.759995,50,52,
623,9.751104,50,52,
624,9.742216,50,52,
625,9.733359,50,52,
626,9.724501,50,52,
627,9.715644,50,52,
628,9.706787,50,52,
629,9.69796,50,52,
630,9.689137,50,52,
631,9.680314,50,52,
632,9.67149,50,52,
633,9.662667,50,52,
634,9.653844,50,52,
635,9.64502,50,52,
636,9.636197,50,52,
637,9.627388,50,52,
638,9.618629,50,52,
639,9.609908,50,52,
640,9.601187,50,52,
641,9.592466,50,52,
642,9.583744,50,52,
643,9.575034,50,52,
644,9.566347,50,52,
645,9.557687,50,52,
646,9.549055,50,52,
647,9.540461,50,52,
648,9.531893,50,52,
649,9.523342,50,52,
650,9.514792,50,52,
651,9.506241,50,52,
652,9.49769,50,52,
653,9.489139,50,52,
654,9.48059,50,52,
655,9.472078,50,52,
656,9.463595,50,52,
657,9.45516,50,52,
658,9.446756,50,52,
659,9.438376,50,52,
660,9.430025,50,52,
661,9.421679,50,52,
662,9.413332,50,52,
663,9.405009,50,52,
664,9.396696,50,52,
665,9.388384,50,52,
666,9.380072,50,52,
667,9.37176,50,52,
668,9.363447,50,52,
669,9.355143,50,52,
670,9.346865,50,52,
671,9.338587,50,52,
672,9.330309,50,52,
673,9.32203,50,52,
674,9.313752,50,52,
675,9.305506,50,52,
676,9.297275,50,52,
677,9.289087,50,52,
678,9.280911,50,52,
679,9.272755,50,52,
680,9.264613,50,52,
681,9.256471,50,52,
682,9.248329,50,52,
683,9.240207,50,52,
684,9.232099,50,52,
685,9.224012,50,52,
686,9.215938,50,52,
687,9.207865,50,52,
688,9.199791,50,52,
689,9.191717,50,52,
690,9.183643,50,52,
691,9.175602,50,52,
692,9.167562,50,52,
693,9.159522,50,52,
694,9.151483,50,52,
695,9.143443,50,52,
696,9.13542,50,52,
697,9.127414,50,52,
698,9.119425,50,52,
699,9.111453,50,52,
700,9.103481,50,52,
701,9.09551,50,52,
702,9.087561,50,52,
703,9.079623,50,52,
704,9.071686,50,52,
705,9.063748,50,52,
706,9.055811,50,52,
707,9.047873,50,52,
708,9.039936,50,52,
709,9.031998,50,52,
710,9.024061,50,52,
711,9.016123,50,52,
712,9.008186,50,52,
713,9.000248,50,52,
714,8.992338,50,52,
715,8.984434,50,52,
716,8.976531,50,52,
717,8.968627,50,52,
718,8.960724,50,52,
719,8.95282,50,52,
720,8.944945,50,52,
721,8.937075,50,52,
722,8.929206,50,52,
723,8.921337,50,52,
724,8.913467,50,52,
725,8.905598,50,52,
726,8.897728,50,52,
727,8.889859,50,52,
728,8.882052,50,52,
729,8.874285,50,52,
730,8.866539,50,52,
731,8.858806,50,52,
732,8.851073,50,52,
733,8.843369,50,52,
734,8.83567,50,52,
735,8.827971,50,52,
736,8.820288,50,52,
737,8.812623,50,52,
738,8.804958,50,52,
739,8.797293,50,52,
740,8.789628,50,52,
741,8.781963,50,52,
742,8.774298,50,52,
743,8.766633,50,52,
744,8.758968,50,52,
745,8.751303,50,52,
746,8.743638,50,52,
747,8.735973,50,52,
748,8.728308,50,52,
749,8.720643,50,52,
750,8.712978,50,52,
751,8.705328,50,52,
752,8.697697,50,52,
753,8.690066,50,52,
754,8.682435,50,52,
755,8.674804,50,52,
756,8.667173,50,52,
757,8.659542,50,52,
758,8.651916,50,52,
759,8.644319,50,52,
760,8.636722,50,52,
761,8.629125,50,52,
762,8.621528,50,52,
763,8.613931,50,52,
764,8.606334,50,52,
765,8.598766,50,52,
766,8.591204,50,52,
767,8.583641,50,52,
768,8.576078,50,52,
769,8.568515,50,52,
770,8.560952,50,52,
771,8.55339,50,52,
772,8.545846,50,52,
773,8.538358,50,52,
774,8.530897,50,52,
775,8.52347,50,52,
776,8.516044,50,52,
777,8.508617,50,52,
778,8.501191,50,52,
779,8.493764,50,52,
780,8.486337,50,52,
781,8.478911,50,52,
782,8.471484,50,52,
783,8.464058,50,52,
784,8.456631,50,52,
785,8.449205,50,52,
786,8.441781,50,52,
787,8.434392,50,52,
788,8.427033,50,52,
789,8.419675,50,52,
790,8.412317,50,52,
791,8.404958,50,52,
792,8.3976,50,52,
793,8.390241,50,52,
794,8.382883,50,52,
795,8.375525,50,52,
796,8.368166,50,52,
797,8.360808,50,52,
798,8.353449,50,52,
799,8.346091,50,52,
800,8.338733,50,52,
801,8.331374,50,52,
802,8.324016,50,52,
803,8.316657,50,52,
804,8.309299,50,52,
805,8.301941,50,52,
806,8.294582,50,52,
807,8.287224,50,52,
808,8.279865,50,52,
809,8.272507,50,52,
810,8.265149,50,52,
811,8.25779,50,52,
812,8.250432,50,52,
813,8.243073,50,52,
814,8.235715,50,52,
815,8.228357,50,52,
816,8.220998,50,52,
817,8.21364,50,52,
818,8.206281,50,52,
819,8.198923,50,52,
820,8.191565,50,52,
821,8.184206,50,52,
822,8.176848,50,52,
823,8.169489,50,52,
824,8.162131,50,52,
825,8.154773,50,52,
826,8.147414,50,52,
827,8.140056,50,52,
828,8.132697,50,52,
829,8.125345,50,52,
830,8.11802,50,52,
831,8.110696,50,52,
832,8.103372,50,52,
833,8.096047,50,52,
834,8.088752,50,52,
835,8.081462,50,52,
836,8.074198,50,52,
837,8.066942,50,52,
838,8.059686,50,52,
839,8.052429,50,52,
840,8.045173,50,52,
841,8.037917,50,52,
842,8.030661,50,52,
843,8.023405,50,52,
844,8.01617,50,52,
845,8.008948,50,52,
846,8.001726,50,52,
847,7.994504,50,52,
848,7.987282,50,52,
849,7.980059,50,52,
850,7.972837,50,52,
851,7.965615,50,52,
852,7.958393,50,52,
853,7.951171,50,52,
854,7.943949,50,52,
855,7.936731,50,52,
856,7.929543,50,52,
857,7.922355,50,52,
858,7.915167,50,52,
859,7.907979,50,52,
860,7.900791,50,52,
861,7.893603,50,52,
862,7.886415,50,52,
863,7.87926,50,52,
864,7.872139,50,52,
865,7.865019,50,52,
866,7.857899,50,52,
867,7.850779,50,52,
868,7.843659,50,52,
869,7.836556,50,52,
870,7.82947,50,52,
871,7.822384,50,52,
872,7.815298,50,52,
873,7.808213,50,52,
874,7.801127,50,52,
875,7.794041,50,52,
876,7.786955,50,52,
877,7.779869,50,52,
878,7.772783,50,52,
879,7.765697,50,52,
880,7.758612,50,52,
881,7.751526,50,52,
882,7.74444,50,52,
883,7.737354,50,52,
884,7.730268,50,52,
885,7.723182,50,52,
886,7.716111,50,52,
887,7.70906,50,52,
888,7.702039,50,52,
889,7.695056,50,52,
890,7.688077,50,52,
891,7.681127,50,52,
892,7.674177,50,52,
893,7.667228,50,52,
894,7.660278,50,52,
895,7.653329,50,52,
896,7.646379,50,52,
897,7.639429,50,52,
898,7.63248,50,52,
899,7.62553,50,52,
900,7.618581,50,52,
901,7.611631,50,52,
902,7.604681,50,52,
903,7.597732,50,52,
904,7.590782,50,52,
905,7.583833,50,52,
906,7.576883,50,52,
907,7.569933,50,52,
908,7.562984,50,52,
909,7.556034,50,52,
910,7.549085,50,52,
911,7.542135,50,52,
912,7.535185,50,52,
913,7.528236,50,52,
914,7.521286,50,52,
915,7.514352,50,52,
916,7.507443,50,52,
917,7.500562,50,52,
918,7.493709,50,52,
919,7.486862,50,52,
920,7.480014,50,52,
921,7.473167,50,52,
922,7.46632,50,52,
923,7.459472,50,52,
924,7.452625,50,52,
925,7.445777,50,52,
926,7.43893,50,52,
927,7.432083,50,52,
928,7.425235,50,52,
929,7.418388,50,52,
930,7.41154,50,52,
931,7.404714,50,52,
932,7.397901,50,52,
933,7.391088,50,52,
934,7.384274,50,52,
935,7.377461,50,52,
936,7.370648,50,52,
937,7.363838,50,52,
938,7.357059,50,52,
939,7.350296,50,52,
940,7.343551,50,52,
941,7.336805,50,52,
942,7.330085,50,52,
943,7.323374,50,52,
944,7.316663,50,52,
945,7.309952,50,52,
946,7.30324,50,52,
947,7.296529,50,52,
948,7.289846,50,52,
949,7.283203,50,52,
950,7.276569,50,52,
951,7.26996,50,52,
952,7.263351,50,52,
953,7.256742,50,52,
954,7.250133,50,52,
955,7.243524,50,52,
956,7.236915,50,52,
957,7.230306,50,52,
958,7.223697,50,52,
959,7.217088,50,52,
960,7.210479,50,52,
961,7.203871,50,52,
962,7.197262,50,52,
963,7.190653,50,52,
964,7.184044,50,52,
965,7.177435,50,52,
966,7.170826,50,52,
967,7.164217,50,52,
968,7.157608,50,52,
969,7.150999,50,52,
970,7.14439,50,52,
971,7.137781,50,52,
972,7.131172,50,52,
973,7.124563,50,52,
974,7.117954,50,52,
975,7.111345,50,52,
976,7.104737,50,52,
977,7.098128,50,52,
978,7.091519,50,52,
979,7.08491,50,52,
980,7.078301,50,52,
981,7.071692,50,52,
982,7.065083,50,52,
983,7.058474,50,52,
984,7.051865,50,52,
985,7.045281,50,52,
986,7.038707,50,52,
987,7.032132,50,52,
988,7.025557,50,52,
989,7.018982,50,52,
990,7.012407,50,52,
991,7.005832,50,52,
992,6.999257,50,52,
993,6.992682,50,52,
994,6.986126,50,52,
995,6.979585,50,52,
996,6.973044,50,52,
997,6.966504,50,52,
998,6.959963,50,52,
999,6.953422,50,52,
1000,6.946881,50,52,
1001,6.94034,50,52,
1002,6.933806,50,52,
1003,6.927299,50,52,
1004,6.920792,50,52,
1005,6.914286,50,52,
1006,6.907779,50,52,
1007,6.901272,50,52,
1008,6.894784,50,52,
1009,6.888312,50,52,
1010,6.881839,50,52,
1011,6.875366,50,52,
1012,6.868898,50,52,
1013,6.862466,50,52,
1014,6.856073,50,52,
1015,6.849703,50,52,
1016,6.843332,50,52,
1017,6.836966,50,52,
1018,6.830629,50,52,
1019,6.824304,50,52,
1020,6.818001,50,52,
1021,6.811699,50,52,
1022,6.805397,50,52,
1023,6.799094,50,52,
1024,6.792792,50,52,
1025,6.786513,50,52,
1026,6.780245,50,52,
1027,6.773977,50,52,
1028,6.767708,50,52,
1029,6.76144,50,52,
1030,6.755172,50,52,
1031,6.748904,50,52,
1032,6.742665,50,52,
1033,6.736465,50,52,
1034,6.730265,50,52,
1035,6.724114,50,52,
1036,6.718016,50,52,
1037,6.711919,50,52,
1038,6.705821,50,52,
1039,6.699723,50,52,
1040,6.693625,50,52,
1041,6.687534,50,52,
1042,6.681504,50,52,
1043,6.675474,50,52,
1044,6.669445,50,52,
1045,6.663415,50,52,
1046,6.657385,50,52,
1047,6.651355,50,52,
1048,6.645325,50,52,
1049,6.639296,50,52,
1050,6.633266,50,52,
1051,6.627236,50,52,
1052,6.621206,50,52,
1053,6.615176,50,52,
1054,6.609147,50,52,
1055,6.603117,50,52,
1056,6.597087,50,52,
1057,6.591057,50,52,
1058,6.585027,50,52,
1059,6.578998,50,52,
1060,6.572968,50,52,
1061,6.566938,50,52,
1062,6.560908,50,52,
1063,6.554878,50,52,
1064,6.548879,50,52,
1065,6.542883,50,52,
1066,6.536887,50,52,
1067,6.530892,50,52,
1068,6.524896,50,52,
1069,6.5189,50,52,
1070,6.512904,50,52,
1071,6.506909,50,52,
1072,6.500913,50,52,
1073,6.494917,50,52,
1074,6.488921,50,52,
1075,6.482926,50,52,
1076,6.47693,50,52,
1077,6.470934,50,52,
1078,6.464939,50,52,
1079,6.458943,50,52,
1080,6.452947,50,52,
1081,6.446967,50,52,
1082,6.441005,50,52,
1083,6.435044,50,52,
1084,6.429082,50,52,
1085,6.42312,50,52,
1086,6.417159,50,52,
1087,6.411197,50,52,
1088,6.405235,50,52,
1089,6.399274,50,52,
1090,6.393312,50,52,
1091,6.38735,50,52,
1092,6.381389,50,52,
1093,6.375427,50,52,
1094,6.369481,50,52,
1095,6.363553,50,52,
1096,6.357625,50,52,
1097,6.351698,50,52,
1098,6.34577,50,52,
1099,6.339843,50,52,
1100,6.333932,50,52,
1101,6.328039,50,52,
1102,6.322145,50,52,
1103,6.316252,50,52,
1104,6.310358,50,52,
1105,6.304465,50,52,
1106,6.298571,50,52,
1107,6.292678,50,52,
1108,6.286805,50,52,
1109,6.280956,50,52,
1110,6.27513,50,52,
1111,6.269305,50,52,
1112,6.263479,50,52,
1113,6.257654,50,52,
1114,6.251829,50,52,
1115,6.246003,50,52,
1116,6.240178,50,52,
1117,6.234352,50,52,
1118,6.228527,50,52,
1119,6.222702,50,52,
1120,6.216876,50,52,
1121,6.211051,50,52,
1122,6.205225,50,52,
1123,6.1994,50,52,
1124,6.193574,50,52,
1125,6.187749,50,52,
1126,6.181924,50,52,
1127,6.176098,50,52,
1128,6.170273,50,52,
1129,6.164447,50,52,
1130,6.158622,50,52,
1131,6.152797,50,52,
1132,6.146971,50,52,
1133,6.141146,50,52,
1134,6.13532,50,52,
1135,6.129516,50,52,
1136,6.123725,50,52,
1137,6.117933,50,52,
1138,6.112142,50,52,
1139,6.106351,50,52,
1140,6.100559,50,52,
1141,6.094768,50,52,
1142,6.088977,50,52,
1143,6.083185,50,52,
1144,6.077394,50,52,
1145,6.071629,50,52,
1146,6.065872,50,52,
1147,6.060114,50,52,
1148,6.054357,50,52,
1149,6.0486,50,52,
1150,6.042843,50,52,
1151,6.037128,50,52,
1152,6.031439,50,52,
1153,6.025749,50,52,
1154,6.02006,50,52,
1155,6.01442,50,52,
1156,6.0088,50,52,
1157,6.003213,50,52,
1158,5.997626,50,52,
1159,5.992039,50,52,
1160,5.986452,50,52,
1161,5.980865,50,52,
1162,5.975278,50,52,
1163,5.969691,50,52,
1164,5.964122,50,52,
1165,5.958569,50,52,
1166,5.953016,50,52,
1167,5.947463,50,52,
1168,5.94191,50,52,
1169,5.936358,50,52,
1170,5.930805,50,52,
1171,5.925252,50,52,
1172,5.919699,50,52,
1173,5.914146,50,52,
1174,5.908607,50,52,
1175,5.903116,50,52,
1176,5.897632,50,52,
1177,5.892147,50,52,
1178,5.886662,50,52,
1179,5.881178,50,52,
1180,5.875693,50,52,
1181,5.870208,50,52,
1182,5.864723,50,52,
1183,5.859253,50,52,
1184,5.853803,50,52,
1185,5.848352,50,52,
1186,5.842901,50,52,
1187,5.837451,50,52,
1188,5.832,50,52,
1189,5.826549,50,52,
1190,5.821109,50,52,
1191,5.815692,50,52,
1192,5.810278,50,52,
1193,5.804896,50,52,
1194,5.799513,50,52,
1195,5.794131,50,52,
1196,5.788748,50,52,
1197,5.783366,50,52,
1198,5.777983,50,52,
1199,5.772631,50,52,
1200,5.767282,50,52,
1201,5.761958,50,52,
1202,5.756644,50,52,
1203,5.751329,50,52,
1204,5.746015,50,52,
1205,5.740701,50,52,
1206,5.735386,50,52,
1207,5.730102,50,52,
1208,5.724822,50,52,
1209,5.719541,50,52,
1210,5.714261,50,52,
1211,5.708981,50,52,
1212,5.7037,50,52,
1213,5.698435,50,52,
1214,5.693188,50,52,
1215,5.687942,50,52,
1216,5.682696,50,52,
1217,5.677449,50,52,
1218,5.672203,50,52,
1219,5.666957,50,52,
1220,5.661711,50,52,
1221,5.656464,50,52,
1222,5.651218,50,52,
1223,5.645972,50,52,
1224,5.640726,50,52,
1225,5.635479,50,52,
1226,5.630233,50,52,
1227,5.624987,50,52,
1228,5.619755,50,52,
1229,5.614543,50,52,
1230,5.609331,50,52,
1231,5.604119,50,52,
1232,5.598906,50,52,
1233,5.593694,50,52,
1234,5.588482,50,52,
1235,5.58327,50,52,
1236,5.578058,50,52,
1237,5.572845,50,52,
1238,5.567633,50,52,
1239,5.562421,50,52,
1240,5.557209,50,52,
1241,5.551997,50,52,
1242,5.546784,50,52,
1243,5.541572,50,52,
1244,5.53636,50,52,
1245,5.531148,50,52,
1246,5.525936,50,52,
1247,5.520723,50,52,
1248,5.515511,50,52,
1249,5.510299,50,52,
1250,5.505108,50,52,
1251,5.49993,50,52,
1252,5.494752,50,52,
1253,5.489573,50,52,
1254,5.484395,50,52,
1255,5.479217,50,52,
1256,5.474039,50,52,
1257,5.468861,50,52,
1258,5.463692,50,52,
1259,5.458548,50,52,
1260,5.453404,50,52,
1261,5.44826,50,52,
1262,5.443116,50,52,
1263,5.438006,50,52,
1264,5.43293,50,52,
1265,5.427854,50,52,
1266,5.422778,50,52,
1267,5.417702,50,52,
1268,5.412626,50,52,
1269,5.40755,50,52,
1270,5.402474,50,52,
1271,5.397421,50,52,
1272,5.392413,50,52,
1273,5.387405,50,52,
1274,5.382397,50,52,
1275,5.377439,50,52,
1276,5.372499,50,52,
1277,5.367559,50,52,
1278,5.36262,50,52,
1279,5.35768,50,52,
1280,5.35274,50,52,
1281,5.347801,50,52,
1282,5.342861,50,52,
1283,5.337921,50,52,
1284,5.332982,50,52,
1285,5.328042,50,52,
1286,5.323102,50,52,
1287,5.318176,50,52,
1288,5.313305,50,52,
1289,5.308433,50,52,
1290,5.303592,50,52,
1291,5.298754,50,52,
1292,5.293938,50,52,
1293,5.289134,50,52,
1294,5.284331,50,52,
1295,5.279528,50,52,
1296,5.274756,50,52,
1297,5.269987,50,52,
1298,5.265218,50,52,
1299,5.260448,50,52,
1300,5.255679,50,52,
1301,5.250923,50,52,
1302,5.246188,50,52,
1303,5.241453,50,52,
1304,5.236718,50,52,
1305,5.231982,50,52,
1306,5.227247,50,52,
1307,5.222512,50,52,
1308,5.217777,50,52,
1309,5.213041,50,52,
1310,5.208306,50,52,
1311,5.203571,50,52,
1312,5.198835,50,52,
1313,5.1941,50,52,
1314,5.189408,50,52,
1315,5.18474,50,52,
1316,5.180073,50,52,
1317,5.175406,50,52,
1318,5.170739,50,52,
1319,5.166072,50,52,
1320,5.161405,50,52,
1321,5.156738,50,52,
1322,5.152132,50,52,
1323,5.147567,50,52,
1324,5.143013,50,52,
1325,5.138483,50,52,
1326,5.133952,50,52,
1327,5.129421,50,52,
1328,5.124902,50,52,
1329,5.120405,50,52,
1330,5.115908,50,52,
1331,5.111411,50,52,
1332,5.106914,50,52,
1333,5.102418,50,52,
1334,5.097921,50,52,
1335,5.093424,50,52,
1336,5.088927,50,52,
1337,5.08443,50,52,
1338,5.079934,50,52,
1339,5.075437,50,52,
1340,5.07094,50,52,
1341,5.066443,50,52,
1342,5.061946,50,52,
1343,5.057479,50,52,
1344,5.053017,50,52,
1345,5.048554,50,52,
1346,5.044091,50,52,
1347,5.039628,50,52,
1348,5.035166,50,52,
1349,5.030703,50,52,
1350,5.02624,50,52,
1351,5.021777,50,52,
1352,5.017344,50,52,
1353,5.012946,50,52,
1354,5.008551,50,52,
1355,5.004157,50,52,
1356,4.999778,50,52,
1357,4.995441,50,52,
1358,4.991114,50,52,
1359,4.986788,50,52,
1360,4.982478,50,52,
1361,4.978185,50,52,
1362,4.973893,50,52,
1363,4.969601,50,52,
1364,4.965308,50,52,
1365,4.961016,50,52,
1366,4.956723,50,52,
1367,4.952457,50,52,
1368,4.948198,50,52,
1369,4.94394,50,52,
1370,4.939682,50,52,
1371,4.935423,50,52,
1372,4.931165,50,52,
1373,4.926907,50,52,
1374,4.922648,50,52,
1375,4.91839,50,52,
1376,4.914132,50,52,
1377,4.909873,50,52,
1378,4.905615,50,52,
1379,4.901398,50,52,
1380,4.897208,50,52,
1381,4.893052,50,52,
1382,4.88893,50,52,
1383,4.884808,50,52,
1384,4.880686,50,52,
1385,4.876564,50,52,
1386,4.872442,50,52,
1387,4.86832,50,52,
1388,4.864198,50,52,
1389,4.860106,50,52,
1390,4.856018,50,52,
1391,4.85193,50,52,
1392,4.847842,50,52,
1393,4.843754,50,52,
1394,4.839666,50,52,
1395,4.835578,50,52,
1396,4.83149,50,52,
1397,4.827402,50,52,
1398,4.823314,50,52,
1399,4.819226,50,52,
1400,4.815139,50,52,
1401,4.811085,50,52,
1402,4.807031,50,52,
1403,4.802977,50,52,
1404,4.798923,50,52,
1405,4.794869,50,52,
1406,4.790815,50,52,
1407,4.786761,50,52,
1408,4.782707,50,52,
1409,4.778653,50,52,
1410,4.774599,50,52,
1411,4.770545,50,52,
1412,4.766491,50,52,
1413,4.762437,50,52,
1414,4.758383,50,52,
1415,4.75433,50,52,
1416,4.750276,50,52,
1417,4.746222,50,52,
1418,4.742168,50,52,
1419,4.738147,50,52,
1420,4.734127,50,52,
1421,4.730107,50,52,
1422,4.726087,50,52,
1423,4.722067,50,52,
1424,4.718047,50,52,
1425,4.714027,50,52,
1426,4.710021,50,52,
1427,4.706035,50,52,
1428,4.702049,50,52,
1429,4.698063,50,52,
1430,4.694077,50,52,
1431,4.690092,50,52,
1432,4.686106,50,52,
1433,4.68212,50,52,
1434,4.678134,50,52,
1435,4.674148,50,52,
1436,4.670163,50,52,
1437,4.666177,50,52,
1438,4.662191,50,52,
1439,4.65823,50,52,
1440,4.654294,50,52,
1441,4.650377,50,52,
1442,4.646459,50,52,
1443,4.642541,50,52,
1444,4.638624,50,52,
1445,4.634706,50,52,
1446,4.630812,50,52,
1447,4.626928,50,52,
1448,4.623045,50,52,
1449,4.619161,50,52,
1450,4.615277,50,52,
1451,4.611394,50,52,
1452,4.60751,50,52,
1453,4.603627,50,52,
1454,4.599743,50,52,
1455,4.595888,50,52,
1456,4.592038,50,52,
1457,4.588189,50,52,
1458,4.584339,50,52,
1459,4.58049,50,52,
1460,4.57664,50,52,
1461,4.572797,50,52,
1462,4.568996,50,52,
1463,4.565217,50,52,
1464,4.561493,50,52,
1465,4.55778,50,52,
1466,4.554066,50,52,
1467,4.550353,50,52,
1468,4.54664,50,52,
1469,4.542946,50,52,
1470,4.539286,50,52,
1471,4.535641,50,52,
1472,4.531996,50,52,
1473,4.528351,50,52,
1474,4.524705,50,52,
1475,4.52106,50,52,
1476,4.517415,50,52,
1477,4.51377,50,52,
1478,4.510125,50,52,
1479,4.50648,50,52,
1480,4.502835,50,52,
1481,4.499189,50,52,
1482,4.495544,50,52,
1483,4.491899,50,52,
1484,4.488254,50,52,
1485,4.484609,50,52,
1486,4.480964,50,52,
1487,4.477319,50,52,
1488,4.473703,50,52,
1489,4.470092,50,52,
1490,4.466481,50,52,
1491,4.46287,50,52,
1492,4.459259,50,52,
1493,4.455647,50,52,
1494,4.452036,50,52,
1495,4.448425,50,52,
1496,4.44484,50,52,
1497,4.441263,50,52,
1498,4.437686,50,52,
1499,4.434109,50,52,
1500,4.430563,50,52,
1501,4.427021,50,52,
1502,4.423478,50,52,
1503,4.419935,50,52,
1504,4.416392,50,52,
1505,4.412849,50,52,
1506,4.409306,50,52,
1507,4.405763,50,52,
1508,4.40222,50,52,
1509,4.398677,50,52,
1510,4.395134,50,52,
1511,4.391591,50,52,
1512,4.388048,50,52,
1513,4.384505,50,52,
1514,4.380962,50,52,
1515,4.377419,50,52,
1516,4.3739,50,52,
1517,4.370391,50,52,
1518,4.366906,50,52,
1519,4.363431,50,52,
1520,4.359957,50,52,
1521,4.356501,50,52,
1522,4.353091,50,52,
1523,4.349684,50,52,
1524,4.346277,50,52,
1525,4.342871,50,52,
1526,4.339464,50,52,
1527,4.336057,50,52,
1528,4.332664,50,52,
1529,4.329291,50,52,
1530,4.325919,50,52,
1531,4.322546,50,52,
1532,4.319174,50,52,
1533,4.315828,50,52,
1534,4.31249,50,52,
1535,4.309151,50,52,
1536,4.305813,50,52,
1537,4.302474,50,52,
1538,4.299136,50,52,
1539,4.295818,50,52,
1540,4.292513,50,52,
1541,4.289209,50,52,
1542,4.285904,50,52,
1543,4.2826,50,52,
1544,4.279296,50,52,
1545,4.275991,50,52,
1546,4.272687,50,52,
1547,4.269382,50,52,
1548,4.266078,50,52,
1549,4.262773,50,52,
1550,4.259469,50,52,
1551,4.256164,50,52,
1552,4.25286,50,52,
1553,4.249555,50,52,
1554,4.246251,50,52,
1555,4.242946,50,52,
1556,4.239662,50,52,
1557,4.236392,50,52,
1558,4.233153,50,52,
1559,4.229917,50,52,
1560,4.22669,50,52,
1561,4.223487,50,52,
1562,4.220285,50,52,
1563,4.217083,50,52,
1564,4.213903,50,52,
1565,4.210735,50,52,
1566,4.207567,50,52,
1567,4.204398,50,52,
1568,4.20123,50,52,
1569,4.198062,50,52,
1570,4.194894,50,52,
1571,4.191726,50,52,
1572,4.188557,50,52,
1573,4.185417,50,52,
1574,4.182283,50,52,
1575,4.179149,50,52,
1576,4.176041,50,52,
1577,4.172941,50,52,
1578,4.169841,50,52,
1579,4.166745,50,52,
1580,4.163711,50,52,
1581,4.160679,50,52,
1582,4.157647,50,52,
1583,4.154636,50,52,
1584,4.151638,50,52,
1585,4.14864,50,52,
1586,4.145642,50,52,
1587,4.142644,50,52,
1588,4.139646,50,52,
1589,4.136648,50,52,
1590,4.133651,50,52,
1591,4.130653,50,52,
1592,4.127655,50,52,
1593,4.124657,50,52,
1594,4.121659,50,52,
1595,4.118661,50,52,
1596,4.115663,50,52,
1597,4.112666,50,52,
1598,4.109668,50,52,
1599,4.10667,50,52,
1600,4.103672,50,52,
1601,4.100674,50,52,
1602,4.097676,50,52,
1603,4.094678,50,52,
1604,4.091685,50,52,
1605,4.088721,50,52,
1606,4.085789,50,52,
1607,4.082859,50,52,
1608,4.079929,50,52,
1609,4.077025,50,52,
1610,4.07413,50,52,
1611,4.071234,50,52,
1612,4.06837,50,52,
1613,4.065541,50,52,
1614,4.062713,50,52,
1615,4.059885,50,52,
1616,4.057058,50,52,
1617,4.05423,50,52,
1618,4.051403,50,52,
1619,4.048607,50,52,
1620,4.045814,50,52,
1621,4.043052,50,52,
1622,4.040292,50,52,
1623,4.037533,50,52,
1624,4.034774,50,52,
1625,4.032014,50,52,
1626,4.029255,50,52,
1627,4.026495,50,52,
1628,4.023736,50,52,
1629,4.021009,50,52,
1630,4.018284,50,52,
1631,4.015564,50,52,
1632,4.012905,50,52,
1633,4.010248,50,52,
1634,4.007591,50,52,
1635,4.004933,50,52,
1636,4.002276,50,52,
1637,3.999619,50,52,
1638,3.996962,50,52,
1639,3.994305,50,52,
1640,3.991647,50,52,
1641,3.98899,50,52,
1642,3.986333,50,52,
1643,3.983676,50,52,
1644,3.981019,50,52,
1645,3.978361,50,52,
1646,3.975704,50,52,
1647,3.973047,50,52,
1648,3.97039,50,52,
1649,3.967733,50,52,
1650,3.965075,50,52,
1651,3.962418,50,52,
1652,3.959774,50,52,
1653,3.957151,50,52,
1654,3.954527,50,52,
1655,3.951904,50,52,
1656,3.949295,50,52,
1657,3.946706,50,52,
1658,3.944117,50,52,
1659,3.941529,50,52,
1660,3.938974,50,52,
1661,3.936419,50,52,
1662,3.933876,50,52,
1663,3.931355,50,52,
1664,3.928834,50,52,
1665,3.926313,50,52,
1666,3.923792,50,52,
1667,3.921271,50,52,
1668,3.91875,50,52,
1669,3.916229,50,52,
1670,3.913708,50,52,
1671,3.911187,50,52,
1672,3.908666,50,52,
1673,3.906145,50,52,
1674,3.903633,50,52,
1675,3.901172,50,52,
1676,3.898753,50,52,
1677,3.896366,50,52,
1678,3.893982,50,52,
1679,3.891613,50,52,
1680,3.889263,50,52,
1681,3.886912,50,52,
1682,3.884561,50,52,
1683,3.882211,50,52,
1684,3.87986,50,52,
1685,3.87751,50,52,
1686,3.875159,50,52,
1687,3.872808,50,52,
1688,3.870458,50,52,
1689,3.868107,50,52,
1690,3.865761,50,52,
1691,3.863444,50,52,
1692,3.861128,50,52,
1693,3.858811,50,52,
1694,3.856495,50,52,
1695,3.854178,50,52,
1696,3.851861,50,52,
1697,3.849545,50,52,
1698,3.847228,50,52,
1699,3.844912,50,52,
1700,3.842595,50,52,
1701,3.840279,50,52,
1702,3.837962,50,52,
1703,3.835646,50,52,
1704,3.833329,50,52,
1705,3.831013,50,52,
1706,3.828696,50,52,
1707,3.826401,50,52,
1708,3.824118,50,52,
1709,3.821836,50,52,
1710,3.819553,50,52,
1711,3.817271,50,52,
1712,3.814989,50,52,
1713,3.812706,50,52,
1714,3.810452,50,52,
1715,3.808204,50,52,
1716,3.805963,50,52,
1717,3.803776,50,52,
1718,3.801596,50,52,
1719,3.799416,50,52,
1720,3.797236,50,52,
1721,3.795072,50,52,
1722,3.792926,50,52,
1723,3.79078,50,52,
1724,3.788633,50,52,
1725,3.786487,50,52,
1726,3.784341,50,52,
1727,3.782195,50,52,
1728,3.780049,50,52,
1729,3.777902,50,52,
1730,3.775756,50,52,
1731,3.77361,50,52,
1732,3.771471,50,52,
1733,3.769359,50,52,
1734,3.767247,50,52,
1735,3.76515,50,52,
1736,3.763072,50,52,
1737,3.760994,50,52,
1738,3.758916,50,52,
1739,3.756838,50,52,
1740,3.75476,50,52,
1741,3.752682,50,52,
1742,3.750604,50,52,
1743,3.748526,50,52,
1744,3.746448,50,52,
1745,3.74437,50,52,
1746,3.742292,50,52,
1747,3.740213,50,52,
1748,3.738135,50,52,
1749,3.736057,50,52,
1750,3.733979,50,52,
1751,3.731901,50,52,
1752,3.729823,50,52,
1753,3.727745,50,52,
1754,3.725667,50,52,
1755,3.723589,50,52,
1756,3.721511,50,52,
1757,3.719433,50,52,
1758,3.717355,50,52,
1759,3.715277,50,52,
1760,3.713217,50,52,
1761,3.711173,50,52,
1762,3.709129,50,52,
1763,3.707085,50,52,
1764,3.705041,50,52,
1765,3.702997,50,52,
1766,3.700953,50,52,
1767,3.698909,50,52,
1768,3.696865,50,52,
1769,3.694821,50,52,
1770,3.692778,50,52,
1771,3.690768,50,52,
1772,3.68876,50,52,
1773,3.686784,50,52,
1774,3.684808,50,52,
1775,3.682832,50,52,
1776,3.680856,50,52,
1777,3.67888,50,52,
1778,3.676931,50,52,
1779,3.674989,50,52,
1780,3.673047,50,52,
1781,3.671106,50,52,
1782,3.669164,50,52,
1783,3.667222,50,52,
1784,3.66528,50,52,
1785,3.663338,50,52,
1786,3.661397,50,52,
1787,3.659455,50,52,
1788,3.657513,50,52,
1789,3.655571,50,52,
1790,3.653629,50,52,
1791,3.651688,50,52,
1792,3.649746,50,52,
1793,3.647804,50,52,
1794,3.645862,50,52,
1795,3.64392,50,52,
1796,3.641979,50,52,
1797,3.640037,50,52,
1798,3.638095,50,52,
1799,3.636153,50,52,
1800,3.634211,50,52,
1801,3.63227,50,52,
1802,3.630328,50,52,
1803,3.628386,50,52,
1804,3.626444,50,52,
1805,3.624502,50,52,
1806,3.622588,50,52,
1807,3.62068,50,52,
1808,3.618773,50,52,
1809,3.616865,50,52,
1810,3.614957,50,52,
1811,3.613049,50,52,
1812,3.611145,50,52,
1813,3.609271,50,52,
1814,3.607412,50,52,
1815,3.605572,50,52,
1816,3.603732,50,52,
1817,3.601893,50,52,
1818,3.600053,50,52,
1819,3.598214,50,52,
1820,3.596374,50,52,
1821,3.594534,50,52,
1822,3.592695,50,52,
1823,3.590855,50,52,
1824,3.589016,50,52,
1825,3.587176,50,52,
1826,3.585336,50,52,
1827,3.583497,50,52,
1828,3.581657,50,52,
1829,3.579818,50,52,
1830,3.577987,50,52,
1831,3.576181,50,52,
1832,3.574376,50,52,
1833,3.57257,50,52,
1834,3.570764,50,52,
1835,3.568959,50,52,
1836,3.567153,50,52,
1837,3.565348,50,52,
1838,3.563542,50,52,
1839,3.561737,50,52,
1840,3.559931,50,52,
1841,3.558129,50,52,
1842,3.556358,50,52,
1843,3.554588,50,52,
1844,3.552851,50,52,
1845,3.551114,50,52,
1846,3.549376,50,52,
1847,3.547642,50,52,
1848,3.545939,50,52,
1849,3.544235,50,52,
1850,3.542532,50,52,
1851,3.540829,50,52,
1852,3.539125,50,52,
1853,3.537422,50,52,
1854,3.535719,50,52,
1855,3.53404,50,52,
1856,3.53237,50,52,
1857,3.530701,50,52,
1858,3.529032,50,52,
1859,3.527362,50,52,
1860,3.525693,50,52,
1861,3.524024,50,52,
1862,3.522355,50,52,
1863,3.520685,50,52,
1864,3.519016,50,52,
1865,3.517347,50,52,
1866,3.515678,50,52,
1867,3.514008,50,52,
1868,3.512339,50,52,
1869,3.51067,50,52,
1870,3.509001,50,52,
1871,3.507331,50,52,
1872,3.505662,50,52,
1873,3.503993,50,52,
1874,3.502323,50,52,
1875,3.500654,50,52,
1876,3.498985,50,52,
1877,3.497316,50,52,
1878,3.495646,50,52,
1879,3.493977,50,52,
1880,3.492308,50,52,
1881,3.490639,50,52,
1882,3.488969,50,52,
1883,3.4873,50,52,
1884,3.485631,50,52,
1885,3.483961,50,52,
1886,3.482313,50,52,
1887,3.480678,50,52,
1888,3.479043,50,52,
1889,3.477408,50,52,
1890,3.475773,50,52,
1891,3.474137,50,52,
1892,3.472502,50,52,
1893,3.470867,50,52,
1894,3.469232,50,52,
1895,3.467597,50,52,
1896,3.465961,50,52,
1897,3.464326,50,52,
1898,3.462691,50,52,
1899,3.461056,50,52,
1900,3.459421,50,52,
1901,3.457785,50,52,
1902,3.45615,50,52,
1903,3.454515,50,52,
1904,3.45288,50,52,
1905,3.451245,50,52,
1906,3.449609,50,52,
1907,3.447974,50,52,
1908,3.446339,50,52,
1909,3.444704,50,52,
1910,3.443069,50,52,
1911,3.441433,50,52,
1912,3.439798,50,52,
1913,3.438163,50,52,
1914,3.436528,50,52,
1915,3.434893,50,52,
1916,3.433257,50,52,
1917,3.431654,50,52,
1918,3.430053,50,52,
1919,3.428452,50,52,
1920,3.426863,50,52,
1921,3.425296,50,52,
1922,3.423728,50,52,
1923,3.422161,50,52,
1924,3.420594,50,52,
1925,3.419027,50,52,
1926,3.41746,50,52,
1927,3.415893,50,52,
1928,3.414326,50,52,
1929,3.412759,50,52,
1930,3.411192,50,52,
1931,3.409625,50,52,
1932,3.408058,50,52,
1933,3.406495,50,52,
1934,3.404962,50,52,
1935,3.403429,50,52,
1936,3.401896,50,52,
1937,3.400363,50,52,
1938,3.39883,50,52,
1939,3.397297,50,52,
1940,3.395764,50,52,
1941,3.394231,50,52,
1942,3.392698,50,52,
1943,3.391165,50,52,
1944,3.389632,50,52,
1945,3.388099,50,52,
1946,3.386588,50,52,
1947,3.385089,50,52,
1948,3.38359,50,52,
1949,3.382091,50,52,
1950,3.380592,50,52,
1951,3.379093,50,52,
1952,3.377594,50,52,
1953,3.376096,50,52,
1954,3.374597,50,52,
1955,3.373098,50,52,
1956,3.371606,50,52,
1957,3.370141,50,52,
1958,3.368676,50,52,
1959,3.367211,50,52,
1960,3.365746,50,52,
1961,3.364282,50,52,
1962,3.362817,50,52,
1963,3.361352,50,52,
1964,3.359887,50,52,
1965,3.358422,50,52,
1966,3.356957,50,52,
1967,3.355492,50,52,
1968,3.354028,50,52,
1969,3.352563,50,52,
1970,3.351098,50,52,
1971,3.349633,50,52,
1972,3.348168,50,52,
1973,3.346703,50,52,
1974,3.345238,50,52,
1975,3.343773,50,52,
1976,3.342309,50,52,
1977,3.340844,50,52,
1978,3.339379,50,52,
1979,3.337914,50,52,
1980,3.336449,50,52,
1981,3.334984,50,52,
1982,3.333519,50,52,
1983,3.332055,50,52,
1984,3.33059,50,52,
1985,3.329125,50,52,
1986,3.32766,50,52,
1987,3.326195,50,52,
1988,3.324749,50,52,
1989,3.323319,50,52,
1990,3.321888,50,52,
1991,3.320457,50,52,
1992,3.319026,50,52,
1993,3.317595,50,52,
1994,3.316165,50,52,
1995,3.314734,50,52,
1996,3.313303,50,52,
1997,3.311872,50,52,
1998,3.310441,50,52,
1999,3.309011,50,52,
2000,3.30758,50,52,
2001,3.306149,50,52,
2002,3.304749,50,52,
2003,3.303353,50,52,
2004,3.301956,50,52,
2005,3.300559,50,52,
2006,3.299163,50,52,
2007,3.297766,50,52,
2008,3.296369,50,52,
2009,3.294972,50,52,
2010,3.293605,50,52,
2011,3.292242,50,52,
2012,3.290879,50,52,
2013,3.289517,50,52,
2014,3.288154,50,52,
2015,3.286791,50,52,
2016,3.285429,50,52,
2017,3.284079,50,52,
2018,3.282751,50,52,
2019,3.281422,50,52,
2020,3.280094,50,52,
2021,3.278765,50,52,
2022,3.277436,50,52,
2023,3.276108,50,52,
2024,3.274779,50,52,
2025,3.273451,50,52,
2026,3.272122,50,52,
2027,3.270793,50,52,
2028,3.269465,50,52,
2029,3.268136,50,52,
2030,3.266808,50,52,
2031,3.265479,50,52,
2032,3.26415,50,52,
2033,3.262822,50,52,
2034,3.261493,50,52,
2035,3.260165,50,52,
2036,3.258836,50,52,
2037,3.257507,50,52,
2038,3.256179,50,52,
2039,3.25485,50,52,
2040,3.253522,50,52,
2041,3.252228,50,52,
2042,3.250968,50,52,
2043,3.249708,50,52,
2044,3.248447,50,52,
2045,3.247187,50,52,
2046,3.245926,50,52,
2047,3.244694,50,52,
2048,3.243468,50,52,
2049,3.242242,50,52,
2050,3.241015,50,52,
2051,3.239789,50,52,
2052,3.238562,50,52,
2053,3.237336,50,52,
2054,3.23611,50,52,
2055,3.234883,50,52,
2056,3.233657,50,52,
2057,3.23243,50,52,
2058,3.231204,50,52,
2059,3.229978,50,52,
2060,3.228774,50,52,
2061,3.227581,50,52,
2062,3.226389,50,52,
2063,3.225197,50,52,
2064,3.224004,50,52,
2065,3.222812,50,52,
2066,3.22162,50,52,
2067,3.220427,50,52,
2068,3.219235,50,52,
2069,3.218077,50,52,
2070,3.216944,50,52,
2071,3.215819,50,52,
2072,3.214695,50,52,
2073,3.213571,50,52,
2074,3.212447,50,52,
2075,3.211323,50,52,
2076,3.210198,50,52,
2077,3.209074,50,52,
2078,3.20795,50,52,
2079,3.206826,50,52,
2080,3.205702,50,52,
2081,3.204577,50,52,
2082,3.203453,50,52,
2083,3.202329,50,52,
2084,3.201205,50,52,
2085,3.200081,50,52,
2086,3.198956,50,52,
2087,3.197832,50,52,
2088,3.196708,50,52,
2089,3.195584,50,52,
2090,3.19446,50,52,
2091,3.193335,50,52,
2092,3.192211,50,52,
2093,3.191087,50,52,
2094,3.189963,50,52,
2095,3.188839,50,52,
2096,3.187714,50,52,
2097,3.18659,50,52,
2098,3.185475,50,52,
2099,3.184385,50,52,
2100,3.183295,50,52,
2101,3.182205,50,52,
2102,3.181114,50,52,
2103,3.180024,50,52,
2104,3.178934,50,52,
2105,3.177844,50,52,
2106,3.176754,50,52,
2107,3.175664,50,52,
2108,3.174574,50,52,
2109,3.173514,50,52,
2110,3.172458,50,52,
2111,3.171402,50,52,
2112,3.170346,50,52,
2113,3.16929,50,52,
2114,3.168234,50,52,
2115,3.167178,50,52,
2116,3.166122,50,52,
2117,3.165066,50,52,
2118,3.16401,50,52,
2119,3.162954,50,52,
2120,3.161898,50,52,
2121,3.160842,50,52,
2122,3.159786,50,52,
2123,3.158742,50,52,
2124,3.15772,50,52,
2125,3.156698,50,52,
2126,3.155676,50,52,
2127,3.154656,50,52,
2128,3.153668,50,52,
2129,3.15268,50,52,
2130,3.151692,50,52,
2131,3.150704,50,52,
2132,3.149716,50,52,
2133,3.148758,50,52,
2134,3.147805,50,52,
2135,3.146851,50,52,
2136,3.145897,50,52,
2137,3.144943,50,52,
2138,3.143989,50,52,
2139,3.143035,50,52,
2140,3.142081,50,52,
2141,3.141128,50,52,
2142,3.140174,50,52,
2143,3.13922,50,52,
2144,3.138266,50,52,
2145,3.137312,50,52,
2146,3.136358,50,52,
2147,3.135404,50,52,
2148,3.13445,50,52,
2149,3.133497,50,52,
2150,3.132543,50,52,
2151,3.131594,50,52,
2152,3.130674,50,52,
2153,3.129754,50,52,
2154,3.128834,50,52,
2155,3.127914,50,52,
2156,3.126995,50,52,
2157,3.126075,50,52,
2158,3.125155,50,52,
2159,3.124235,50,52,
2160,3.123315,50,52,
2161,3.122401,50,52,
2162,3.121515,50,52,
2163,3.120629,50,52,
2164,3.119743,50,52,
2165,3.118858,50,52,
2166,3.117972,50,52,
2167,3.117086,50,52,
2168,3.1162,50,52,
2169,3.115315,50,52,
2170,3.114429,50,52,
2171,3.113543,50,52,
2172,3.112657,50,52,
2173,3.111772,50,52,
2174,3.110886,50,52,
2175,3.11,50,52,
2176,3.109115,50,52,
2177,3.108229,50,52,
2178,3.107343,50,52,
2179,3.106457,50,52,
2180,3.105572,50,52,
2181,3.104686,50,52,
2182,3.1038,50,52,
2183,3.102914,50,52,
2184,3.102029,50,52,
2185,3.101143,50,52,
2186,3.100257,50,52,
2187,3.099371,50,52,
2188,3.098486,50,52,
2189,3.0976,50,52,
2190,3.096714,50,52,
2191,3.095829,50,52,
2192,3.094943,50,52,
2193,3.094057,50,52,
2194,3.093171,50,52,
2195,3.092286,50,52,
2196,3.091408,50,52,
2197,3.090556,50,52,
2198,3.089704,50,52,
2199,3.088853,50,52,
2200,3.088001,50,52,
2201,3.087149,50,52,
2202,3.086298,50,52,
2203,3.085446,50,52,
2204,3.084594,50,52,
2205,3.083743,50,52,
2206,3.082891,50,52,
2207,3.082039,50,52,
2208,3.081188,50,52,
2209,3.080336,50,52,
2210,3.079484,50,52,
2211,3.078633,50,52,
2212,3.077781,50,52,
2213,3.076929,50,52,
2214,3.076078,50,52,
2215,3.075226,50,52,
2216,3.074374,50,52,
2217,3.073523,50,52,
2218,3.072671,50,52,
2219,3.071819,50,52,
2220,3.070968,50,52,
2221,3.070116,50,52,
2222,3.069264,50,52,
2223,3.068413,50,52,
2224,3.06759,50,52,
2225,3.066772,50,52,
2226,3.065965,50,52,
2227,3.065181,50,52,
2228,3.064398,50,52,
2229,3.063614,50,52,
2230,3.06283,50,52,
2231,3.062047,50,52,
2232,3.061263,50,52,
2233,3.06048,50,52,
2234,3.059696,50,52,
2235,3.058913,50,52,
2236,3.058129,50,52,
2237,3.057346,50,52,
2238,3.056591,50,52,
2239,3.055841,50,52,
2240,3.055107,50,52,
2241,3.054391,50,52,
2242,3.053676,50,52,
2243,3.05296,50,52,
2244,3.052245,50,52,
2245,3.05153,50,52,
2246,3.050814,50,52,
2247,3.050099,50,52,
2248,3.049401,50,52,
2249,3.048719,50,52,
2250,3.048038,50,52,
2251,3.047357,50,52,
2252,3.046675,50,52,
2253,3.045994,50,52,
2254,3.045313,50,52,
2255,3.044631,50,52,
2256,3.04395,50,52,
2257,3.043269,50,52,
2258,3.042587,50,52,
2259,3.041906,50,52,
2260,3.041225,50,52,
2261,3.040543,50,52,
2262,3.039862,50,52,
2263,3.039181,50,52,
2264,3.038499,50,52,
2265,3.037818,50,52,
2266,3.037137,50,52,
2267,3.036455,50,52,
2268,3.035774,50,52,
2269,3.035093,50,52,
2270,3.034411,50,52,
2271,3.03373,50,52,
2272,3.033049,50,52,
2273,3.032367,50,52,
2274,3.031686,50,52,
2275,3.031005,50,52,
2276,3.030323,50,52,
2277,3.029642,50,52,
2278,3.028961,50,52,
2279,3.028279,50,52,
2280,3.027598,50,52,
2281,3.026917,50,52,
2282,3.026235,50,52,
2283,3.025587,50,52,
2284,3.024939,50,52,
2285,3.024292,50,52,
2286,3.023645,50,52,
2287,3.022998,50,52,
2288,3.02235,50,52,
2289,3.021703,50,52,
2290,3.021056,50,52,
2291,3.020408,50,52,
2292,3.019761,50,52,
2293,3.019114,50,52,
2294,3.018467,50,52,
2295,3.017819,50,52,
2296,3.017172,50,52,
2297,3.016525,50,52,
2298,3.015878,50,52,
2299,3.01523,50,52,
2300,3.014583,50,52,
2301,3.013936,50,52,
2302,3.013289,50,52,
2303,3.012641,50,52,
2304,3.011994,50,52,
2305,3.011347,50,52,
2306,3.010699,50,52,
2307,3.010052,50,52,
2308,3.009405,50,52,
2309,3.008758,50,52,
2310,3.00811,50,52,
2311,3.007463,50,52,
2312,3.006816,50,52,
2313,3.006169,50,52,
2314,3.005521,50,52,
2315,3.004874,50,52,
2316,3.004227,50,52,
2317,3.00358,50,52,
2318,3.002932,50,52,
2319,3.002285,50,52,
2320,3.001638,50,52,
2321,3.00099,50,52,
2322,3.000343,50,52,
2323,2.999696,50,52,
2324,2.999049,50,52,
2325,2.998401,50,52,
2326,2.997754,50,52,
2327,2.997107,50,52,
2328,2.99646,50,52,
2329,2.995835,50,52,
2330,2.995221,50,52,
2331,2.994608,50,52,
2332,2.993995,50,52,
2333,2.993382,50,52,
2334,2.992769,50,52,
2335,2.992155,50,52,
2336,2.991542,50,52,
2337,2.990929,50,52,
2338,2.990336,50,52,
2339,2.989757,50,52,
2340,2.989178,50,52,
2341,2.988599,50,52,
2342,2.98802,50,52,
2343,2.98744,50,52,
2344,2.986861,50,52,
2345,2.986282,50,52,
2346,2.985703,50,52,
2347,2.985124,50,52,
2348,2.984545,50,52,
2349,2.983966,50,52,
2350,2.983386,50,52,
2351,2.982807,50,52,
2352,2.982228,50,52,
2353,2.981649,50,52,
2354,2.98107,50,52,
2355,2.980491,50,52,
2356,2.979912,50,52,
2357,2.979333,50,52,
2358,2.978753,50,52,
2359,2.978174,50,52,
2360,2.977595,50,52,
2361,2.977016,50,52,
2362,2.976437,50,52,
2363,2.975858,50,52,
2364,2.975279,50,52,
2365,2.974699,50,52,
2366,2.97412,50,52,
2367,2.973541,50,52,
2368,2.972962,50,52,
2369,2.972383,50,52,
2370,2.971804,50,52,
2371,2.971225,50,52,
2372,2.970645,50,52,
2373,2.970066,50,52,
2374,2.969487,50,52,
2375,2.968908,50,52,
2376,2.968329,50,52,
2377,2.96775,50,52,
2378,2.967171,50,52,
2379,2.966592,50,52,
2380,2.966028,50,52,
2381,2.965483,50,52,
2382,2.964938,50,52,
2383,2.964393,50,52,
2384,2.963872,50,52,
2385,2.963361,50,52,
2386,2.96285,50,52,
2387,2.962339,50,52,
2388,2.961853,50,52,
2389,2.961376,50,52,
2390,2.960899,50,52,
2391,2.960422,50,52,
2392,2.959945,50,52,
2393,2.959468,50,52,
2394,2.958991,50,52,
2395,2.958515,50,52,
2396,2.958038,50,52,
2397,2.957561,50,52,
2398,2.957084,50,52,
2399,2.956607,50,52,
2400,2.95613,50,52,
2401,2.955653,50,52,
2402,2.955176,50,52,
2403,2.954699,50,52,
2404,2.954222,50,52,
2405,2.953745,50,52,
2406,2.953268,50,52,
2407,2.952791,50,52,
2408,2.952335,50,52,
2409,2.951892,50,52,
2410,2.951449,50,52,
2411,2.951006,50,52,
2412,2.950563,50,52,
2413,2.950128,50,52,
2414,2.949719,50,52,
2415,2.94931,50,52,
2416,2.948901,50,52,
2417,2.948492,50,52,
2418,2.948084,50,52,
2419,2.947675,50,52,
2420,2.947291,50,52,
2421,2.946916,50,52,
2422,2.946541,50,52,
2423,2.946166,50,52,
2424,2.945792,50,52,
2425,2.945417,50,52,
2426,2.945042,50,52,
2427,2.944667,50,52,
2428,2.944293,50,52,
2429,2.943918,50,52,
2430,2.943543,50,52,
2431,2.943195,50,52,
2432,2.942854,50,52,
2433,2.942513,50,52,
2434,2.942173,50,52,
2435,2.941863,50,52,
2436,2.941556,50,52,
2437,2.941274,50,52,
2438,2.941002,50,52,
2439,2.940729,50,52,
2440,2.940457,50,52,
2441,2.940184,50,52,
2442,2.939912,50,52,
2443,2.939639,50,52,
2444,2.939367,50,52,
2445,2.939094,50,52,
2446,2.938822,50,52,
2447,2.938549,50,52,
2448,2.938306,50,52,
2449,2.938067,50,52,
2450,2.937829,50,52,
2451,2.93759,50,52,
2452,2.937352,50,52,
2453,2.937113,50,52,
2454,2.936875,50,52,
2455,2.936636,50,52,
2456,2.936398,50,52,
2457,2.93616,50,52,
2458,2.935921,50,52,
2459,2.935683,50,52,
2460,2.935444,50,52,
2461,2.935206,50,52,
2462,2.934967,50,52,
2463,2.934729,50,52,
2464,2.93449,50,52,
2465,2.934252,50,52,
2466,2.934013,50,52,
2467,2.933775,50,52,
2468,2.933536,50,52,
2469,2.933298,50,52,
2470,2.933059,50,52,
2471,2.932821,50,52,
2472,2.932583,50,52,
2473,2.932344,50,52,
2474,2.932106,50,52,
2475,2.931867,50,52,
2476,2.931629,50,52,
2477,2.93139,50,52,
2478,2.931152,50,52,
2479,2.930913,50,52,
2480,2.930675,50,52,
2481,2.930436,50,52,
2482,2.930198,50,52,
2483,2.929971,50,52,
2484,2.929766,50,52,
2485,2.929562,50,52,
2486,2.929357,50,52,
2487,2.929153,50,52,
2488,2.928949,50,52,
2489,2.928744,50,52,
2490,2.92854,50,52,
2491,2.928335,50,52,
2492,2.928131,50,52,
2493,2.927927,50,52,
2494,2.927722,50,52,
2495,2.927518,50,52,
2496,2.927313,50,52,
2497,2.927109,50,52,
2498,2.926905,50,52,
2499,2.9267,50,52,
2500,2.926496,50,52,
2501,2.926291,50,52,
2502,2.926087,50,52,
2503,2.925883,50,52,
2504,2.925678,50,52,
2505,2.925474,50,52,
2506,2.925269,50,52,
2507,2.925065,50,52,
2508,2.924861,50,52,
2509,2.924656,50,52,
2510,2.924452,50,52,
2511,2.924247,50,52,
2512,2.924043,50,52,
2513,2.923839,50,52,
2514,2.923634,50,52,
2515,2.92343,50,52,
2516,2.923225,50,52,
2517,2.923021,50,52,
2518,2.922817,50,52,
2519,2.922612,50,52,
2520,2.922408,50,52,
2521,2.922203,50,52,
2522,2.921999,50,52,
2523,2.921795,50,52,
2524,2.92159,50,52,
2525,2.921386,50,52,
2526,2.921181,50,52,
2527,2.920977,50,52,
2528,2.920773,50,52,
2529,2.920568,50,52,
2530,2.920364,50,52,
2531,2.920159,50,52,
2532,2.919955,50,52,
2533,2.919751,50,52,
2534,2.919546,50,52,
2535,2.919342,50,52,
2536,2.919137,50,52,
2537,2.918933,50,52,
2538,2.918729,50,52,
2539,2.918524,50,52,
2540,2.91832,50,52,
2541,2.918115,50,52,
2542,2.917911,50,52,
2543,2.917707,50,52,
2544,2.917502,50,52,
2545,2.917298,50,52,
2546,2.917093,50,52,
2547,2.916889,50,52,
2548,2.916685,50,52,
2549,2.91648,50,52,
2550,2.916276,50,52,
2551,2.916071,50,52,
2552,2.915867,50,52,
2553,2.915663,50,52,
2554,2.915458,50,52,
2555,2.915254,50,52,
2556,2.915049,50,52,
2557,2.914845,50,52,
2558,2.914641,50,52,
2559,2.914436,50,52,
2560,2.914232,50,52,
2561,2.914027,50,52,
2562,2.913823,50,52,
2563,2.913619,50,52,
2564,2.913414,50,52,
2565,2.91321,50,52,
2566,2.913005,50,52,
2567,2.912801,50,52,
2568,2.912597,50,52,
2569,2.912392,50,52,
2570,2.912188,50,52,
2571,2.911983,50,52,
2572,2.911779,50,52,
2573,2.911575,50,52,
2574,2.91137,50,52,
2575,2.911166,50,52,
2576,2.91097,50,52,
2577,2.9108,50,52,
2578,2.910629,50,52,
2579,2.910459,50,52,
2580,2.910289,50,52,
2581,2.910118,50,52,
2582,2.909948,50,52,
2583,2.909778,50,52,
2584,2.909607,50,52,
2585,2.909437,50,52,
2586,2.909267,50,52,
2587,2.909096,50,52,
2588,2.908926,50,52,
2589,2.908756,50,52,
2590,2.908585,50,52,
2591,2.908415,50,52,
2592,2.908245,50,52,
2593,2.908074,50,52,
2594,2.907904,50,52,
2595,2.907734,50,52,
2596,2.907563,50,52,
2597,2.90741,50,52,
2598,2.907274,50,52,
2599,2.907137,50,52,
2600,2.907001,50,52,
2601,2.906865,50,52,
2602,2.906729,50,52,
2603,2.906592,50,52,
2604,2.906456,50,52,
2605,2.90632,50,52,
2606,2.906183,50,52,
2607,2.906047,50,52,
2608,2.905911,50,52,
2609,2.905775,50,52,
2610,2.905638,50,52,
2611,2.905502,50,52,
2612,2.905366,50,52,
2613,2.90523,50,52,
2614,2.905093,50,52,
2615,2.904957,50,52,
2616,2.904821,50,52,
2617,2.904685,50,52,
2618,2.904548,50,52,
2619,2.904412,50,52,
2620,2.904276,50,52,
2621,2.904139,50,52,
2622,2.904003,50,52,
2623,2.903867,50,52,
2624,2.903731,50,52,
2625,2.903594,50,52,
2626,2.903458,50,52,
2627,2.903333,50,52,
2628,2.903231,50,52,
2629,2.903129,50,52,
2630,2.903027,50,52,
2631,2.902924,50,52,
2632,2.902825,50,52,
2633,2.902757,50,52,
2634,2.902689,50,52,
2635,2.902621,50,52,
2636,2.902553,50,52,
2637,2.902485,50,52,
2638,2.902417,50,52,
2639,2.902348,50,52,
2640,2.90228,50,52,
2641,2.902212,50,52,
2642,2.902144,50,52,
2643,2.902076,50,52,
2644,2.902008,50,52,
2645,2.90194,50,52,
2646,2.901872,50,52,
2647,2.901803,50,52,
2648,2.901735,50,52,
2649,2.901667,50,52,
2650,2.901599,50,52,
2651,2.901531,50,52,
2652,2.901463,50,52,
2653,2.901395,50,52,
2654,2.901326,50,52,
2655,2.901258,50,52,
2656,2.90119,50,52,
2657,2.901122,50,52,
2658,2.901054,50,52,
2659,2.900986,50,52,
2660,2.900918,50,52,
2661,2.90085,50,52,
2662,2.900781,50,52,
2663,2.900713,50,52,
2664,2.900645,50,52,
2665,2.900577,50,52,
2666,2.900509,50,52,
2667,2.900441,50,52,
2668,2.900373,50,52,
2669,2.900304,50,52,
2670,2.900236,50,52,
2671,2.900168,50,52,
2672,2.9001,50,52,
2673,2.900032,50,52,
2674,2.899964,50,52,
2675,2.899896,50,52,
2676,2.899828,50,52,
2677,2.899759,50,52,
2678,2.899691,50,52,
2679,2.899623,50,52,
2680,2.899555,50,52,
2681,2.899487,50,52,
2682,2.899419,50,52,
2683,2.899351,50,52,
2684,2.899282,50,52,
2685,2.899214,50,52,
2686,2.899146,50,52,
2687,2.899078,50,52,
2688,2.89901,50,52,
2689,2.898942,50,52,
2690,2.898874,50,52,
2691,2.898806,50,52,
2692,2.898737,50,52,
2693,2.898669,50,52,
2694,2.898601,50,52,
2695,2.898533,50,52,
2696,2.898465,50,52,
2697,2.8984,50,52,
2698,2.898366,50,52,
2699,2.898332,50,52,
2700,2.898298,50,52,
2701,2.898264,50,52,
2702,2.89823,50,52,
2703,2.898196,50,52,
2704,2.898162,50,52,
2705,2.898128,50,52,
2706,2.898094,50,52,
2707,2.89806,50,52,
2708,2.898026,50,52,
2709,2.897992,50,52,
2710,2.897958,50,52,
2711,2.897924,50,52,
2712,2.897889,50,52,
2713,2.897855,50,52,
2714,2.897821,50,52,
2715,2.897787,50,52,
2716,2.897753,50,52,
2717,2.897719,50,52,
2718,2.897685,50,52,
2719,2.897651,50,52,
2720,2.897617,50,52,
2721,2.897583,50,52,
2722,2.897549,50,52,
2723,2.897515,50,52,
2724,2.897481,50,52,
2725,2.897447,50,52,
2726,2.897413,50,52,
2727,2.897378,50,52,
2728,2.897344,50,52,
2729,2.89731,50,52,
2730,2.897276,50,52,
2731,2.897242,50,52,
2732,2.897208,50,52,
2733,2.897174,50,52,
2734,2.89714,50,52,
2735,2.897106,50,52,
2736,2.897072,50,52,
2737,2.897038,50,52,
2738,2.897004,50,52,
2739,2.89697,50,52,
2740,2.896936,50,52,
2741,2.896902,50,52,
2742,2.896867,50,52,
2743,2.896833,50,52,
2744,2.896799,50,52,
2745,2.896765,50,52,
2746,2.896731,50,52,
2747,2.896697,50,52,
2748,2.896663,50,52,
2749,2.896629,50,52,
2750,2.896595,50,52,
2751,2.896561,50,52,
2752,2.896527,50,52,
2753,2.896493,50,52,
2754,2.896459,50,52,
2755,2.896425,50,52,
2756,2.896391,50,52,
2757,2.896356,50,52,
2758,2.896322,50,52,
2759,2.896288,50,52,
2760,2.896254,50,52,
2761,2.89622,50,52,
2762,2.896186,50,52,
2763,2.896152,50,52,
2764,2.896118,50,52,
2765,2.896084,50,52,
2766,2.89605,50,52,
2767,2.896016,50,52,
2768,2.895982,50,52,
2769,2.895948,50,52,
2770,2.895914,50,52,
2771,2.89588,50,52,
2772,2.895845,50,52,
2773,2.895811,50,52,
2774,2.895777,50,52,
2775,2.895743,50,52,
2776,2.895709,50,52,
2777,2.895675,50,52,
2778,2.895641,50,52,
2779,2.895607,50,52,
2780,2.895573,50,52,
2781,2.895539,50,52,
2782,2.895505,50,52,
2783,2.895471,50,52,
2784,2.895437,50,52,
2785,2.895403,50,52,
2786,2.895369,50,52,
2787,2.895334,50,52,
2788,2.8953,50,52,
2789,2.895266,50,52,
2790,2.895232,50,52,
2791,2.895198,50,52,
2792,2.895164,50,52,
2793,2.89513,50,52,
2794,2.895096,50,52,
2795,2.895062,50,52,
2796,2.895028,50,52,
2797,2.894994,50,52,
2798,2.89496,50,52,
2799,2.894926,50,52,
2800,2.894892,50,52,
2801,2.894858,50,52,
2802,2.894823,50,52,
2803,2.894789,50,52,
2804,2.894755,50,52,
2805,2.894721,50,52,
2806,2.894687,50,52,
2807,2.894653,50,52,
2808,2.894619,50,52,
2809,2.894585,50,52,
2810,2.894551,50,52,
2811,2.894517,50,52,
2812,2.894483,50,52,
2813,2.894449,50,52,
2814,2.894415,50,52,
2815,2.894381,50,52,
2816,2.894347,50,52,
2817,2.894312,50,52,
2818,2.894278,50,52,
2819,2.894244,50,52,
2820,2.89421,50,52,
2821,2.894176,50,52,
2822,2.894142,50,52,
2823,2.894108,50,52,
2824,2.894074,50,52,
2825,2.89404,50,52,
2826,2.894006,50,52,
2827,2.893972,50,52,
2828,2.893938,50,52,
2829,2.893904,50,52,
2830,2.89387,50,52,
2831,2.893836,50,52,
2832,2.893801,50,52,
2833,2.893767,50,52,
2834,2.893733,50,52,
2835,2.893699,50,52,
2836,2.893665,50,52,
2837,2.893631,50,52,
2838,2.893597,50,52,
2839,2.893563,50,52,
2840,2.893529,50,52,
2841,2.893495,50,52,
2842,2.893461,50,52,
2843,2.893427,50,52,
2844,2.893393,50,52,
2845,2.893359,50,52,
2846,2.893325,50,52,
2847,2.89329,50,52,
2848,2.893256,50,52,
2849,2.893222,50,52,
2850,2.893188,50,52,
2851,2.893154,50,52,
2852,2.89312,50,52,
2853,2.893086,50,52,
2854,2.893052,50,52,
2855,2.893018,50,52,
2856,2.892984,50,52,
2857,2.89295,50,52,
2858,2.892916,50,52,
2859,2.892882,50,52,
2860,2.892848,50,52,
2861,2.892814,50,52,
2862,2.892779,50,52,
2863,2.892745,50,52,
2864,2.892711,50,52,
2865,2.892677,50,52,
2866,2.892643,50,52,
2867,2.892609,50,52,
2868,2.892575,50,52,
2869,2.892541,50,52,
2870,2.892507,50,52,
2871,2.892473,50,52,
2872,2.892439,50,52,
2873,2.892405,50,52,
2874,2.892371,50,52,
2875,2.892337,50,52,
2876,2.892303,50,52,
2877,2.892268,50,52,
2878,2.892234,50,52,
2879,2.8922,50,52,
2880,2.892166,50,52,
2881,2.892132,50,52,
2882,2.892098,50,52,
2883,2.892064,50,52,
2884,2.89203,50,52,
2885,2.891996,50,52,
2886,2.891962,50,52,
2887,2.891928,50,52,
2888,2.891894,50,52,
2889,2.89186,50,52,
2890,2.891826,50,52,
2891,2.891792,50,52,
2892,2.891757,50,52,
2893,2.891723,50,52,
2894,2.891689,50,52,
2895,2.891655,50,52,
2896,2.891621,50,52,
2897,2.891587,50,52,
2898,2.891553,50,52,
2899,2.891519,50,52,
2900,2.891485,50,52,
2901,2.891451,50,52,
2902,2.891417,50,52,
2903,2.891383,50,52,
2904,2.891349,50,52,
2905,2.891315,50,52,
2906,2.891281,50,52,
2907,2.891246,50,52,
2908,2.891212,50,52,
2909,2.891178,50,52,
2910,2.891144,50,52,
2911,2.89111,50,52,
2912,2.891076,50,52,
2913,2.891042,50,52,
2914,2.891008,50,52,
2915,2.890974,50,52,
2916,2.89094,50,52,
2917,2.890906,50,52,
2918,2.890872,50,52,
2919,2.890838,50,52,
2920,2.890804,50,52,
2921,2.89077,50,52,
2922,2.890735,50,52,
2923,2.890701,50,52,
2924,2.890667,50,52,
2925,2.890633,50,52,
2926,2.890599,50,52,
2927,2.890565,50,52,
2928,2.890531,50,52,
2929,2.890497,50,52,
2930,2.890463,50,52,
2931,2.890429,50,52,
2932,2.890395,50,52,
2933,2.890361,50,52,
2934,2.890327,50,52,
2935,2.890293,50,52,
2936,2.890259,50,52,
2937,2.890224,50,52,
2938,2.89019,50,52,
2939,2.890156,50,52,
2940,2.890122,50,52,
2941,2.890088,50,52,
2942,2.890054,50,52,
2943,2.89002,50,52,
2944,2.89,50,52,
2945,2.89,50,52,
2946,2.89,50,52,
2947,2.89,50,52,
2948,2.89,50,52,
2949,2.89,50,52,
2950,2.89,50,52,
2951,2.89,50,52,
2952,2.89,50,52,
2953,2.89,50,52,
2954,2.89,50,52,
2955,2.89,50,52,
2956,2.89,50,52,
2957,2.89,50,52,
2958,2.89,50,52,
2959,2.89,50,52,
2960,2.89,50,52,
2961,2.89,50,52,
2962,2.89,50,52,
2963,2.89,50,52,
2964,2.89,50,52,
2965,2.89,50,52,
2966,2.89,50,52,
2967,2.89,50,52,
2968,2.89,50,52,
2969,2.89,50,52,
2970,2.89,50,52,
2971,2.89,50,52,
2972,2.89,50,52,
2973,2.89,50,52,
2974,2.89,50,52,
2975,2.89,50,52,
2976,2.89,50,52,
2977,2.89,50,52,
2978,2.89,50,52,
2979,2.89,50,52,
2980,2.89,50,52,
2981,2.89,50,52,
2982,2.89,50,52,
2983,2.89,50,52,
2984,2.89,50,52,
2985,2.89,50,52,
2986,2.89,50,52,
2987,2.89,50,52,
2988,2.89,50,52,
2989,2.89,50,52,
2990,2.89,50,52,
2991,2.89,50,52,
2992,2.89,50,52,
2993,2.89,50,52,
2994,2.89,50,52,
2995,2.89,50,52,
2996,2.89,50,52,
2997,2.89,50,52,
2998,2.89,50,52,
2999,2.89,50,52,
3000,2.89,50,52,
